<?xml version="1.0" encoding="UTF-8"?>
<project-private xmlns="http://www.netbeans.org/ns/project-private/1">
    <editor-bookmarks xmlns="http://www.netbeans.org/ns/editor-bookmarks/2" lastBookmarkId="0"/>
    <open-files xmlns="http://www.netbeans.org/ns/projectui-open-files/2">
        <group>
            <file>file:/C:/Users/ASUS/Documents/BINUS%20SMT%203/OOP/Organisasi_Olahraga/Organisasi_Olahraga/src/MyClass/User_Organisasi_Event.java</file>
            <file>file:/C:/Users/ASUS/Documents/BINUS%20SMT%203/OOP/Organisasi_Olahraga/Organisasi_Olahraga/src/MyClass/Account.java</file>
            <file>file:/C:/Users/ASUS/Documents/BINUS%20SMT%203/OOP/Organisasi_Olahraga/Organisasi_Olahraga/src/MyForm/Admin_1.java</file>
            <file>file:/C:/Users/ASUS/Documents/BINUS%20SMT%203/OOP/Organisasi_Olahraga/Organisasi_Olahraga/src/MyClass/Organisasi.java</file>
            <file>file:/C:/Users/ASUS/Documents/BINUS%20SMT%203/OOP/Organisasi_Olahraga/Organisasi_Olahraga/src/MyImage/1.jpeg</file>
            <file>file:/C:/Users/ASUS/Documents/BINUS%20SMT%203/OOP/Organisasi_Olahraga/Organisasi_Olahraga/src/MyImage/Back.png</file>
            <file>file:/C:/Users/ASUS/Documents/BINUS%20SMT%203/OOP/Organisasi_Olahraga/Organisasi_Olahraga/src/MyClass/Admin_Organisasi_Event.java</file>
            <file>file:/C:/Users/ASUS/Documents/BINUS%20SMT%203/OOP/Organisasi_Olahraga/Organisasi_Olahraga/src/MyForm/Admin_2.java</file>
            <file>file:/C:/Users/ASUS/Documents/BINUS%20SMT%203/OOP/Organisasi_Olahraga/Organisasi_Olahraga/src/MyImage/Circle.png</file>
            <file>file:/C:/Users/ASUS/Documents/BINUS%20SMT%203/OOP/Organisasi_Olahraga/Organisasi_Olahraga/src/MyClass/Organsasi_Event.java</file>
            <file>file:/C:/Users/ASUS/Documents/BINUS%20SMT%203/OOP/Organisasi_Olahraga/Organisasi_Olahraga/src/MyForm/Admin_5.java</file>
        </group>
    </open-files>
</project-private>
